episode_id,K,drop_c,drop_f,drop_k,drop_sr,orig_K,orig_c,orig_c_eff,orig_f,sr,swap_c,swap_c_eff,swap_donor_K,swap_donor_c,swap_donor_start_m,swap_ndtw_donor,swap_ndtw_orig,swap_sr
31,4,4,,1,0.0,4,4,4,,0.0,4,4,3,3,0.0,0.8749093608983936,0.9280917188956653,1.0
37,1,,,,,1,1,1,,1.0,0,0,3,1,0.0,0.45555705254297946,0.7690173270177769,0.0
108,5,3,4,3,0.0,5,3,3,4,0.0,5,5,2,2,0.0,0.9204744227873556,0.826607713511423,1.0
115,3,3,,1,0.0,3,3,3,,0.0,3,3,2,2,0.0,0.9464139353143763,0.5983595603935672,0.0
121,3,1,2,1,0.0,3,3,3,,1.0,0,0,2,2,0.9329896364498347,0.8509528300482265,0.07271107458267115,0.0
136,2,2,,1,1.0,2,2,2,,1.0,2,2,5,0,0.0,0.043977732586866936,0.35914389367534516,0.0
141,5,5,,2,1.0,5,5,5,,0.0,0,0,3,3,0.0,0.639083618297915,0.04160202858194779,0.0
142,4,1,2,2,0.0,4,1,0,2,0.0,4,0,4,2,1.6370513395316788,0.0007229530664954799,2.296381509799392e-06,0.0
149,4,4,,2,1.0,4,4,4,,1.0,2,2,3,3,0.0,0.819632886949762,0.737606361036773,1.0
150,4,4,,2,0.0,4,4,4,,0.0,4,4,4,4,0.0,0.8325970684291445,0.7879525239013974,0.0
162,3,0,1,1,0.0,3,0,0,1,0.0,1,1,1,1,0.0,0.0001318823858770455,0.018930129894758355,0.0
177,3,3,,1,1.0,3,3,3,,1.0,0,0,4,4,1.5451066389559678,0.4668375743326229,0.005435897150404846,0.0
228,5,5,,1,1.0,5,5,5,,1.0,5,5,4,4,0.0,0.9340009464725423,0.8874351777118378,1.0
288,1,,,,,1,1,1,,1.0,0,0,4,0,0.0,0.4667486977015464,0.004360899380124105,0.0
300,4,4,,2,1.0,4,4,4,,1.0,4,4,3,0,1.5995115561635938,0.2052040681502276,0.38944532965639556,0.0
386,5,4,5,2,0.0,5,5,5,,1.0,1,1,2,2,0.0,0.8897859518993707,0.2858095980626405,0.0
450,4,4,,2,1.0,4,4,4,,1.0,4,4,3,3,2.1604851535964578,0.8545974089586768,0.9273818213709633,1.0
496,4,4,,1,1.0,4,4,4,,1.0,1,1,5,2,2.3923958015500264,0.4304796657880708,0.07860990656820398,0.0
561,2,2,,1,1.0,2,2,2,,1.0,2,2,1,0,0.0,0.0361437397442705,0.9379598414293928,1.0
569,2,2,,1,0.0,2,2,2,,1.0,2,0,3,3,0.0,0.5563875058192446,0.4622022366203137,1.0
574,2,0,1,1,0.0,2,0,0,1,0.0,2,2,3,3,4.162340138812202,0.10416845814619087,0.5532642951644978,1.0
655,4,4,,2,1.0,4,4,4,,1.0,4,4,4,4,0.0,0.7383032024658869,0.8262401766600164,0.0
676,3,3,,2,1.0,3,3,3,,1.0,0,0,4,0,0.0,8.323780590226032e-09,4.62373607138065e-10,0.0
715,4,2,3,3,0.0,4,4,4,,1.0,4,4,6,6,0.0,0.9659837753211317,0.9437256385736407,1.0
716,2,0,1,1,0.0,2,2,2,,1.0,2,2,4,4,0.0,0.9704761946477807,0.9457078398128049,1.0
724,2,2,,1,1.0,2,2,2,,1.0,0,0,4,4,0.0,0.9542165907084531,0.5892772114129435,0.0
805,3,3,,1,1.0,3,3,3,,1.0,1,1,4,1,3.694689324276324,0.10815561287738171,0.39455210540471114,0.0
820,4,4,,2,0.0,4,4,4,,1.0,4,4,5,5,0.0,0.8503579052956731,0.3138594031860896,0.0
869,2,2,,1,1.0,2,2,2,,1.0,2,2,4,4,0.0,0.851600478724978,0.731408219393148,0.0
911,5,5,,4,1.0,5,5,5,,1.0,3,3,3,3,0.0,0.33023799335753307,0.36080301780832014,0.0
998,1,,,,,1,0,0,1,0.0,1,1,2,2,0.0,0.9189820220654378,0.9603507449166659,1.0
1040,2,2,,1,1.0,2,2,2,,1.0,2,2,3,1,0.0,0.35485663136927587,0.8092359067139014,1.0
1136,2,2,,1,1.0,2,0,0,1,1.0,1,1,4,4,0.0,0.5611034822704747,0.4572398254935566,0.0
1160,3,1,2,1,0.0,3,1,1,2,0.0,1,1,3,3,0.0,0.9273140825826384,0.04058770789353342,0.0
1192,2,2,,1,0.0,2,2,2,,0.0,2,2,1,1,1.0703167696334541,0.00040664643800897895,0.0023135220460058343,0.0
1196,2,2,,1,0.0,2,0,0,1,0.0,0,0,3,1,0.0,0.455903850728304,0.45550724044292373,0.0
1197,2,2,,1,1.0,2,2,2,,1.0,1,1,2,2,0.0,0.9365760887980012,0.7453026689573611,0.0
1228,2,2,,1,0.0,2,2,2,,0.0,2,2,3,0,3.2237066347686936,0.09622201546585221,0.6579115645796327,0.0
1272,2,0,1,1,0.0,2,0,0,1,0.0,1,1,4,1,0.0,0.1862922483883787,0.2683219487303258,0.0
1297,3,3,,2,1.0,3,3,3,,1.0,1,1,3,3,0.0,0.40378895272534426,0.06453833229012615,0.0
1311,2,0,1,1,0.0,2,2,2,,1.0,0,0,4,4,0.0,0.579786390655156,0.1461610252852382,1.0
1537,5,1,2,1,0.0,5,2,2,3,0.0,0,0,5,5,0.0,0.8879774225354599,0.14221639806607322,0.0
1544,3,3,,2,1.0,3,3,3,,1.0,3,3,3,3,1.0394996850188207,0.8268791916127851,0.9243757630166555,1.0
1589,1,,,,,1,1,1,,1.0,1,1,4,4,0.0,0.9449337973309744,0.9625113150110853,1.0
1612,5,1,2,2,0.0,5,5,5,,1.0,1,1,5,5,0.0,0.8996562919074352,0.18844138234911156,0.0
1619,2,0,1,1,0.0,2,2,2,,1.0,2,2,3,3,2.348671485102485,0.02629997760281629,0.00013998923083380032,0.0
1685,4,2,3,2,0.0,4,4,2,,1.0,2,2,3,3,0.0,0.951053624216978,0.274100901138539,0.0
1741,3,0,1,1,1.0,3,3,3,,0.0,0,0,4,0,1.8933608781185907,0.016193521020401253,0.009887960414887247,0.0
1772,4,4,,2,1.0,4,4,4,,1.0,2,2,2,2,0.0,0.8518541773157108,0.732506704459565,0.0
1774,4,4,,1,1.0,4,4,4,,1.0,1,1,5,5,0.0,0.8166368248309291,0.4079072238635982,0.0
35,2,2,,1,0.0,2,2,2,,1.0,2,2,4,4,0.0,0.842849248687041,0.8860244224186637,1.0
43,5,5,,1,1.0,5,5,5,,1.0,3,3,3,3,1.2107715529968812,0.8838849572391211,0.6123029926942503,0.0
45,6,3,4,3,0.0,6,6,6,,1.0,4,4,3,3,1.2107715529968812,0.8838849572391211,0.6123029926942503,0.0
67,2,2,,1,1.0,2,2,2,,1.0,1,1,6,4,1.5135458212789838,0.648433868528146,0.05926177843892233,0.0
75,5,2,3,3,1.0,5,5,5,,1.0,1,1,4,4,0.0,0.9704761946477807,0.17726937623215672,0.0
134,1,,,,,1,1,1,,0.0,1,1,4,4,0.0,0.921522639713428,0.4405898256176435,0.0
146,3,3,,2,1.0,3,3,3,,0.0,3,3,4,4,0.0,0.9436504584981565,0.7795981930531009,0.0
154,4,4,,3,0.0,4,4,4,,0.0,3,3,4,4,0.0,0.9426234438802025,0.8389170529389389,0.0
159,1,,,,,1,1,1,,1.0,0,0,4,2,1.7583851170699876,0.23184601117919182,0.799699365925803,0.0
161,2,0,1,1,0.0,2,0,0,1,0.0,0,0,5,5,0.0,0.1969938677421775,0.02292159198520316,0.0
208,2,0,1,1,0.0,2,1,1,2,0.0,0,0,5,5,4.273755898092473,0.5601943191194328,0.21038102565503145,0.0
248,2,0,1,1,0.0,2,0,0,1,0.0,0,0,2,0,0.0,0.5340776459363915,0.458012977526778,0.0
281,4,0,1,1,1.0,4,4,0,,1.0,0,0,3,3,0.4605047618763431,0.8987204842660621,0.15543925285526286,0.0
289,3,1,2,2,0.0,3,1,1,2,0.0,3,1,2,0,7.568723012536759,0.003195971345863702,0.06833817677277546,0.0
327,1,,,,,1,0,0,1,0.0,0,0,1,1,0.0,0.0001318823858770455,0.0007875943323188645,0.0
396,1,,,,,1,1,1,,1.0,0,0,3,0,0.0,0.0419274237043953,0.10491372446366402,0.0
419,3,3,,1,1.0,3,3,3,,1.0,0,0,5,5,0.0,0.5151853725176563,0.13599702071288491,0.0
448,1,,,,,1,1,1,,1.0,1,1,3,3,2.1604851535964578,0.8545974089586768,0.9273818213709633,1.0
485,4,0,1,1,1.0,4,0,0,1,1.0,0,0,2,2,1.8743307980314927,0.7801293191925293,0.04934601440808328,0.0
503,4,4,,2,0.0,4,4,4,,0.0,4,4,1,1,1.1604924642531524,0.9135184995615305,0.9306267778053531,1.0
527,2,2,,1,1.0,2,2,2,,1.0,2,2,3,3,1.1604924642531524,0.9182973677680181,0.9190152631112289,1.0
548,2,2,,1,0.0,2,2,2,,0.0,1,0,2,0,2.758326455414482,0.02858467707644972,0.009539204636924642,0.0
549,3,1,2,1,0.0,3,1,1,2,0.0,3,1,2,0,2.758326455414482,0.02858467707644972,0.009539204636924642,0.0
649,3,1,2,2,0.0,3,1,1,2,0.0,1,1,2,2,3.491649570158418,0.5614867279533904,0.33344765606298127,0.0
657,5,5,,2,1.0,5,5,5,,1.0,5,5,4,4,0.0,0.7000992787304429,0.6967064652516126,0.0
781,1,,,,,1,1,1,,1.0,1,1,3,0,3.639847394882345,0.14303184399833974,0.9026315716778113,1.0
782,3,3,,2,1.0,3,3,3,,1.0,3,3,3,0,3.639847394882345,0.14303184399833974,0.9026315716778113,1.0
929,3,0,1,1,0.0,3,0,0,1,0.0,3,1,2,1,0.0,0.0564696253338904,0.6820334294692064,1.0
954,2,2,,1,1.0,2,2,2,,1.0,0,0,3,3,0.0,0.3858189356802541,0.41846799961533515,0.0
1008,4,4,,2,1.0,4,4,4,,1.0,1,1,6,4,0.0,0.010084152350208887,0.004734145106389016,0.0
1023,3,0,1,1,0.0,3,3,3,,1.0,0,0,3,0,1.0556273897921464,0.804436265498603,0.419616410298138,0.0
1035,3,1,2,1,0.0,3,1,1,2,0.0,1,1,4,2,0.0,0.5645566937404957,0.3683729280522378,0.0
1117,1,,,,,1,1,1,,1.0,1,1,2,2,0.0,0.9456807746434622,0.8946186770094815,1.0
1149,2,0,1,1,0.0,2,0,0,1,0.0,0,0,5,5,0.0,0.7941470980036749,0.05904776664059248,0.0
1191,3,0,1,1,0.0,3,0,0,1,0.0,0,0,1,1,0.0,0.8837112060549155,0.11017856491401462,0.0
1208,2,2,,1,1.0,2,0,0,1,0.0,0,0,5,5,0.0,0.8918835665458865,0.20920159695841747,0.0
1266,3,1,2,1,0.0,3,2,2,3,0.0,0,0,3,3,1.1549807458675345,0.6627382525128065,0.045490301880323776,0.0
1305,1,,,,,1,0,0,1,0.0,1,0,3,3,0.0,0.328611655063637,0.2890162084369501,1.0
1382,4,4,,1,1.0,4,4,4,,1.0,2,2,6,6,0.0,0.8436432254694102,0.04630431967377661,0.0
1432,3,3,,2,1.0,3,1,1,2,0.0,1,0,5,3,1.3073123041786174,0.3362503044370469,0.2633573672550165,0.0
1455,5,3,4,4,0.0,5,5,5,,1.0,5,1,3,0,1.8842798082902548,5.1682284676961e-08,2.6071657930685913e-05,1.0
1581,3,0,1,1,0.0,3,2,2,3,0.0,2,2,6,6,0.6414336559548139,0.8511367404624367,0.43833619056885975,0.0
1583,2,1,2,1,0.0,2,2,1,,0.0,2,2,2,2,1.043855200408503,0.43168568231392423,0.551818872142075,0.0
1659,1,,,,,1,1,1,,0.0,1,1,2,2,0.0,0.9431267081517622,0.8205826790994171,1.0
1718,1,,,,,1,1,1,,1.0,1,0,3,3,3.364382446510613,0.1202139344660798,0.41647818142059395,1.0
1731,4,4,,3,1.0,4,4,4,,1.0,0,0,5,0,1.4973134459150719,0.2680256281713729,0.19275094150703376,1.0
1765,3,3,,2,1.0,3,3,3,,1.0,1,1,2,2,1.0440233803963506,0.2690338177752319,0.048804817710472556,0.0
1766,1,,,,,1,1,1,,1.0,0,0,2,2,1.0440233803963506,0.2690338177752319,0.048804817710472556,0.0
1777,1,,,,,1,1,1,,0.0,0,0,2,2,1.035999202563712,0.9083459147829641,0.30158465235373594,0.0
1784,1,,,,,1,1,1,,1.0,1,1,2,2,1.8360162651615342,0.8923139357393209,0.8726707414816697,1.0
58,4,4,,2,1.0,4,4,4,,1.0,4,0,4,4,0.0,0.1956249904601631,0.02269516096639896,0.0
170,4,4,,1,1.0,4,4,4,,0.0,0,0,5,5,1.457960797392108,0.49384408254509216,0.08022385123618651,0.0
181,5,5,,2,1.0,5,5,5,,1.0,1,1,3,1,1.0485510714768642,0.5312919481565209,0.4137637515449097,0.0
196,3,3,,1,0.0,3,3,3,,1.0,0,0,3,3,1.200555121275221,0.7256106371646951,0.11050065440278539,0.0
229,4,2,3,3,0.0,4,4,2,,1.0,4,4,4,4,0.0,0.6091879840207284,0.7789598996098152,0.0
295,2,0,1,1,0.0,2,0,0,1,1.0,0,0,2,0,0.0,0.2635961003711401,0.26722613098113623,0.0
316,3,1,2,1,1.0,3,3,3,,1.0,0,0,2,2,0.0,0.9010084732059785,0.16672884014873185,0.0
371,3,3,,1,1.0,3,3,3,,1.0,0,0,4,0,1.3905580889160722,0.4759842542050298,0.5960872410469124,0.0
377,4,4,,2,1.0,4,4,4,,1.0,4,4,5,5,0.0,0.9317943809457688,0.7006203053352259,0.0
451,6,1,2,1,1.0,6,1,1,2,1.0,1,1,3,0,0.0,0.6438248876794705,0.5658282879234207,0.0
543,3,3,,2,0.0,3,3,3,,1.0,1,1,2,2,0.0,0.9347418968459019,0.09013535344818985,0.0
590,3,3,,2,1.0,3,3,3,,1.0,3,3,4,2,1.4354399099566413,0.331049602351305,0.9150410900516851,1.0
617,3,0,1,2,0.0,3,3,0,,1.0,3,3,4,4,0.0,0.8813127721811245,0.8851240892469397,1.0
619,2,2,,1,1.0,2,2,2,,0.0,2,2,5,5,1.5920798147496207,0.8244431953500944,0.0454837344895277,0.0
639,4,2,3,3,0.0,4,4,4,,1.0,4,4,2,2,1.5920798147496207,1.374296689418865e-05,0.06699573296216506,0.0
644,2,1,2,1,0.0,2,2,2,,1.0,0,0,2,2,0.0,0.904160497435831,0.1576214899387033,0.0
653,4,2,3,3,0.0,4,4,4,,1.0,4,4,5,5,0.0,0.9507156500289893,0.8643147506206424,1.0
654,2,2,,1,1.0,2,2,2,,1.0,2,2,2,2,0.0,0.8313552697096527,0.8024538815099852,1.0
681,2,2,,1,1.0,2,2,2,,1.0,2,2,2,2,0.0,0.8430830049952823,0.7818462284435245,1.0
726,2,0,1,1,0.0,2,2,2,,1.0,0,0,4,4,0.0,0.9542165907084531,0.5892772114129435,0.0
736,3,1,2,2,0.0,3,3,3,,0.0,1,1,2,2,0.0,0.818528935017528,0.5326646322251118,0.0
775,2,0,1,1,0.0,2,2,2,,1.0,0,0,4,0,0.4605047618763431,0.1301136879465057,0.020058514049469074,0.0
792,4,4,,2,1.0,4,4,4,,1.0,4,4,3,3,0.0,0.9555536565654937,0.8266512496254098,1.0
831,2,1,2,1,0.0,2,2,1,,0.0,1,1,3,3,0.0,0.8837325455802365,0.4566127131936508,0.0
884,1,,,,,1,1,1,,1.0,1,1,2,2,1.2619385337384383,0.8476515701364858,0.8622344375559572,1.0
970,2,2,,1,0.0,2,2,2,,0.0,0,0,4,4,0.0,0.9372981922479775,0.07946526602930712,0.0
991,5,0,1,2,0.0,5,5,5,,1.0,0,0,3,3,1.7452453089471303,0.7941516981225485,0.20922841499626768,0.0
1065,6,3,4,2,0.0,6,6,6,,0.0,3,2,3,0,3.57105479398648,0.10880685665134827,0.38577748236166665,0.0
1072,4,2,3,3,0.0,4,4,4,,0.0,4,4,3,3,0.0,0.9403226553742347,0.7758616962432306,0.0
1187,3,3,,1,1.0,3,3,3,,1.0,3,3,4,4,2.468813003220971,0.7110022777992878,0.8726586871709863,1.0
1223,2,2,,1,1.0,2,2,2,,1.0,2,2,4,3,0.0,0.6995144232846553,0.5678042853028397,0.0
1232,2,0,1,1,0.0,2,2,2,,1.0,0,0,3,1,0.38588937514138355,0.5001129656004152,0.3887331757584845,0.0
1236,2,0,1,1,0.0,2,2,2,,1.0,0,0,2,0,0.0,0.2766197945048224,0.07614622319834005,0.0
1243,2,0,1,1,0.0,2,2,2,,1.0,0,0,3,0,0.0,0.16430194954416324,0.2186491768433807,0.0
1252,5,0,1,1,0.0,5,5,5,,1.0,5,5,6,6,0.0,0.9591591399558707,0.9156773079912576,1.0
1349,4,4,,1,1.0,4,4,4,,1.0,4,4,3,3,0.0,0.892146906624465,0.9479943273215864,1.0
1404,2,2,,1,1.0,2,2,2,,1.0,2,2,5,5,1.738488802001441,0.8946712125305188,0.8717146201997311,1.0
1413,3,3,,2,0.0,3,3,3,,1.0,3,3,6,6,1.8837897914086976,0.592261556773227,0.5959093421718987,0.0
1447,4,4,,3,1.0,4,4,2,,0.0,0,0,3,1,0.0,0.035806071060074204,0.03259687663970416,0.0
1452,4,1,2,1,1.0,4,2,2,3,0.0,4,2,2,2,2.481177703584871,0.7009728799041379,0.7266498097091405,0.0
1469,3,3,,2,1.0,3,3,3,,1.0,3,0,3,3,0.0,0.5784116978205318,0.4769884299955429,1.0
1494,4,4,,1,1.0,4,4,4,,1.0,4,4,2,2,1.3488067283126581,0.042414600386659104,0.0888319584035129,0.0
1552,2,0,1,1,0.0,2,2,0,,0.0,2,2,1,0,0.0,0.15433774094707842,0.10311328375140884,0.0
1569,5,5,,4,1.0,5,5,5,,1.0,5,5,5,5,1.3347416748009318,0.9112052886099128,0.8368671381561906,1.0
1571,3,3,,1,1.0,3,3,3,,1.0,1,1,3,3,0.0,0.658502854791227,0.02818683150110864,0.0
1577,3,3,,1,0.0,3,3,3,,1.0,3,3,3,3,0.0,0.17715159061021554,0.14885830378583928,0.0
1596,3,3,,1,1.0,3,3,3,,1.0,3,3,2,2,0.0,0.9174134629076122,0.8766025959748676,1.0
1713,4,4,,3,1.0,4,4,4,,1.0,4,4,5,5,1.5554588731077432,0.8530661913731363,0.41883618694963926,0.0
1727,4,2,3,2,0.0,4,4,4,,0.0,2,2,2,2,0.0,0.5252659894212784,0.4489775292480578,0.0
1825,2,2,,1,0.0,2,2,2,,1.0,2,2,3,3,0.0,0.8459254517466381,0.8196329628714789,1.0
56,6,3,4,5,0.0,6,6,6,,1.0,6,6,4,4,0.0,0.9243019873313544,0.8957050018660453,1.0
57,4,2,3,1,0.0,4,2,2,3,0.0,0,0,5,5,0.0,0.8298247261444325,0.3431917191455693,0.0
82,2,2,,1,1.0,2,2,2,,1.0,0,0,3,0,0.0,0.07400598446093266,0.38660669751979654,0.0
96,4,3,4,2,0.0,4,3,3,4,0.0,1,1,4,0,2.2683969758699667,0.2587355609054917,0.09689911603994958,0.0
99,1,,,,,1,1,0,,1.0,1,0,6,0,0.0,0.010619695075392692,9.716271269513216e-05,0.0
247,3,1,2,2,0.0,3,3,0,,1.0,2,2,3,3,0.0,0.8258748081491334,0.2181591628853171,0.0
250,2,2,,1,1.0,2,2,2,,1.0,1,1,2,2,0.0,0.957902270418438,0.5884697530057517,0.0
262,5,1,2,1,0.0,5,5,5,,1.0,1,1,3,3,4.355260686990951,1.4619404518027375e-05,0.011605024089438795,0.0
356,3,3,,1,1.0,3,3,3,,1.0,1,1,5,5,0.0,0.9503862268865434,0.3043403592009977,0.0
361,4,0,1,1,0.0,4,4,0,,0.0,3,3,2,0,0.0,0.7625024589452318,0.8112107952160948,0.0
365,2,2,,1,1.0,2,2,2,,1.0,0,0,3,1,0.9329896364498347,0.2878308808201225,0.13171153469905983,0.0
411,2,0,1,1,0.0,2,0,0,1,0.0,0,0,3,3,0.0,0.9453468896058426,0.39623149584398193,0.0
493,3,3,,1,0.0,3,1,1,2,0.0,0,0,3,1,1.3936402422775178,0.13081742045203337,0.09909950994700564,0.0
501,1,,,,,1,0,0,1,0.0,0,0,5,5,0.0,0.6992823496105189,0.03827149978852002,0.0
512,4,4,,1,1.0,4,1,1,2,0.0,1,1,3,3,0.0,0.9396923391735359,0.06747990660528232,0.0
610,2,2,,1,1.0,2,0,0,1,0.0,0,0,1,0,0.0,0.0361437397442705,0.038791637960378426,0.0
634,4,0,1,2,1.0,4,0,0,1,0.0,0,0,4,0,1.3905580889160722,0.17665572236376925,0.35105128622046694,0.0
697,4,4,,2,1.0,4,4,4,,1.0,4,4,4,4,0.0,0.9593521012686146,0.8498007604980754,1.0
759,3,3,,1,0.0,3,2,1,3,0.0,2,2,5,2,1.3515797669872396,0.23177788999151286,0.07222481070109238,0.0
773,1,,,,,1,1,1,,1.0,1,1,2,1,1.0301368693080268,0.4609181063060892,0.359187165241965,1.0
778,3,0,1,1,0.0,3,1,1,2,0.0,0,0,3,3,0.0,0.9194170398883358,0.1389646415672889,0.0
779,4,0,1,1,1.0,4,0,0,1,1.0,0,0,1,1,0.0,0.21356412675438685,0.0890562786332266,0.0
785,1,,,,,1,1,1,,1.0,1,1,4,4,2.5376786591481477,0.03504812890609961,0.06801696010640519,0.0
903,2,2,,1,0.0,2,0,0,1,0.0,1,1,3,3,0.0,0.6222127778684988,0.41049589379817863,0.0
925,2,2,,1,1.0,2,2,2,,0.0,2,2,4,4,0.0,0.9410097924881261,0.8846295097386195,1.0
936,3,3,,2,1.0,3,3,3,,1.0,3,3,4,4,4.091133561689028,0.5656744864477867,0.78663756128248,0.0
956,2,0,1,1,0.0,2,0,0,1,1.0,2,2,2,2,0.0,0.7225921915730834,0.6169749252816707,0.0
1017,4,4,,3,0.0,4,4,4,,1.0,4,4,3,0,0.0,0.012014957765526652,0.6361516049448891,0.0
1052,2,0,1,1,0.0,2,0,0,1,0.0,0,0,4,4,0.0,0.9298885008935076,0.7582550144981547,0.0
1088,3,3,,2,1.0,3,3,3,,1.0,0,0,4,4,0.0,0.9384039987105596,0.4921544167740029,1.0
1119,2,2,,1,1.0,2,2,2,,1.0,2,2,3,3,0.0,0.8312005887790749,0.6955755132451659,0.0
1162,3,2,3,1,0.0,3,3,3,,0.0,2,2,1,1,0.0,0.5849598785524093,0.7236831055973227,0.0
1190,4,1,2,3,0.0,4,1,1,2,0.0,1,1,1,1,0.0,0.4255920585722396,0.040958013760884954,0.0
1214,3,1,2,2,0.0,3,1,1,2,0.0,3,3,4,4,0.0,0.7152853776275337,0.4830908837195115,0.0
1274,1,,,,,1,0,0,1,0.0,1,1,2,2,0.0,0.21373698035430486,0.40053767925485834,0.0
1283,4,4,,2,1.0,4,4,4,,1.0,4,4,3,0,3.085920068144896,0.002759392892916412,0.04274871962269649,0.0
1329,2,0,1,1,0.0,2,0,0,1,0.0,2,0,2,2,1.642241358625091,0.011755686705723061,0.001822839925190963,1.0
1339,3,3,,1,0.0,3,3,3,,0.0,3,3,1,1,0.0,0.9079679030153789,0.761704015529382,1.0
1441,2,2,,1,0.0,2,2,2,,1.0,0,0,2,1,0.0,0.26150504248348466,0.26345400370421324,0.0
1442,1,,,,,1,1,1,,1.0,1,1,3,3,0.0,0.7229950922228209,0.7587137669887086,1.0
1462,2,1,2,1,0.0,2,2,2,,1.0,1,0,3,0,1.5554125518437867,0.29738919468975805,0.034400290516761356,0.0
1478,3,1,2,1,0.0,3,1,1,2,0.0,3,3,4,1,0.0,0.19912774004692102,0.053311670408484,0.0
1498,4,2,3,3,0.0,4,4,4,,1.0,2,2,3,3,0.0,0.9532691092013315,0.7373374346321275,0.0
1503,4,2,3,2,1.0,4,2,2,3,0.0,4,4,4,0,2.0245082821220026,0.4023921566346773,0.4697761181603093,0.0
1582,4,1,2,1,0.0,4,1,1,2,0.0,4,2,2,2,1.043855200408503,0.43168568231392423,0.551818872142075,0.0
1584,2,2,,1,0.0,2,1,1,2,0.0,2,2,2,2,1.043855200408503,0.43168568231392423,0.551818872142075,0.0
1585,3,1,2,2,0.0,3,3,3,,1.0,0,0,2,0,0.0,0.008977413457937523,0.025116891141371046,0.0
1682,3,1,2,1,0.0,3,3,3,,1.0,0,0,4,4,0.0,0.8278876470899625,0.5228764243438753,0.0
1775,4,4,,2,1.0,4,4,4,,1.0,2,2,5,5,0.0,0.9322340377300616,0.7852082761231971,0.0
1830,5,5,,2,1.0,5,5,5,,1.0,5,1,5,3,0.0,0.6859645599146325,0.7057918775541598,1.0
