episode_id,K,orig_K,orig_c,orig_c_eff,orig_f,sr
31,4,4,4,4,,0.0
37,1,1,1,1,,1.0
108,5,5,3,3,4,0.0
115,3,3,3,3,,0.0
121,3,3,3,3,,1.0
136,2,2,2,2,,1.0
141,5,5,5,5,,0.0
142,4,4,4,0,,0.0
149,4,4,4,4,,1.0
150,4,4,2,2,3,1.0
162,3,3,1,0,2,0.0
177,3,3,0,0,1,0.0
228,5,5,5,5,,1.0
288,1,1,1,1,,1.0
300,4,4,4,4,,0.0
386,5,5,4,4,5,0.0
450,4,4,4,4,,1.0
496,4,4,4,4,,1.0
561,2,2,2,2,,1.0
569,2,2,2,0,,0.0
574,2,2,0,0,1,0.0
655,4,4,4,4,,1.0
676,3,3,3,3,,1.0
715,4,4,4,4,,1.0
716,2,2,2,2,,1.0
724,2,2,2,2,,1.0
805,3,3,3,3,,0.0
820,4,4,4,4,,0.0
869,2,2,2,2,,1.0
911,5,5,5,5,,1.0
998,1,1,1,1,,0.0
1040,2,2,2,2,,1.0
1136,2,2,2,0,,1.0
1160,3,3,1,1,2,0.0
1192,2,2,2,2,,0.0
1196,2,2,2,0,,1.0
1197,2,2,2,2,,1.0
1228,2,2,2,2,,0.0
1272,2,2,2,2,,1.0
1297,3,3,3,3,,1.0
1311,2,2,0,0,1,0.0
1537,5,5,2,2,3,0.0
1544,3,3,3,3,,1.0
1589,1,1,0,0,1,0.0
1612,5,5,2,2,3,0.0
1619,2,2,2,2,,0.0
1685,4,4,2,2,3,0.0
1741,3,3,3,3,,0.0
1772,4,4,2,2,3,0.0
1774,4,4,4,4,,1.0
35,2,2,2,2,,1.0
43,5,5,5,5,,1.0
45,6,6,6,6,,1.0
67,2,2,2,2,,1.0
75,5,5,5,5,,1.0
134,1,1,1,1,,0.0
146,3,3,3,3,,1.0
154,4,4,4,4,,1.0
159,1,1,0,0,1,0.0
161,2,2,0,0,1,0.0
208,2,2,2,2,,1.0
248,2,2,0,0,1,0.0
281,4,4,0,0,1,1.0
289,3,3,1,1,2,0.0
327,1,1,0,0,1,0.0
396,1,1,1,1,,1.0
419,3,3,3,3,,1.0
448,1,1,1,1,,1.0
485,4,4,0,0,1,1.0
503,4,4,4,4,,1.0
527,2,2,2,2,,1.0
548,2,2,2,2,,0.0
549,3,3,0,0,1,0.0
649,3,3,3,1,,1.0
657,5,5,5,5,,1.0
781,1,1,1,1,,1.0
782,3,3,3,3,,1.0
929,3,3,3,3,,1.0
954,2,2,2,2,,1.0
1008,4,4,4,4,,1.0
1023,3,3,3,3,,1.0
1035,3,3,2,2,3,0.0
1117,1,1,1,1,,1.0
1149,2,2,2,2,,1.0
1191,3,3,0,0,1,0.0
1208,2,2,0,0,1,0.0
1266,3,3,3,3,,1.0
1305,1,1,0,0,1,0.0
1382,4,4,4,4,,1.0
1432,3,3,1,1,2,0.0
1455,5,5,5,5,,1.0
1581,3,3,2,2,3,0.0
1583,2,2,1,1,2,0.0
1659,1,1,1,1,,1.0
1718,1,1,0,0,1,0.0
1731,4,4,4,4,,1.0
1765,3,3,3,3,,1.0
1766,1,1,1,1,,1.0
1777,1,1,1,1,,0.0
1784,1,1,1,1,,1.0
58,4,4,4,4,,1.0
170,4,4,4,4,,1.0
181,5,5,5,5,,1.0
196,3,3,1,1,2,0.0
229,4,4,4,2,,0.0
295,2,2,0,0,1,0.0
316,3,3,3,3,,1.0
371,3,3,3,3,,1.0
377,4,4,4,4,,1.0
451,6,6,1,1,2,1.0
543,3,3,3,3,,1.0
590,3,3,3,3,,1.0
617,3,3,3,3,,1.0
619,2,2,2,0,,0.0
639,4,4,4,4,,1.0
644,2,2,2,2,,1.0
653,4,4,4,4,,1.0
654,2,2,2,2,,1.0
681,2,2,2,2,,1.0
726,2,2,2,2,,0.0
736,3,3,3,1,,0.0
775,2,2,2,2,,1.0
792,4,4,4,4,,1.0
831,2,2,2,2,,0.0
884,1,1,1,1,,1.0
970,2,2,2,2,,0.0
991,5,5,5,5,,1.0
1065,6,6,6,6,,1.0
1072,4,4,4,4,,0.0
1187,3,3,3,3,,1.0
1223,2,2,2,2,,1.0
1232,2,2,0,0,1,0.0
1236,2,2,2,2,,1.0
1243,2,2,2,2,,1.0
1252,5,5,5,5,,1.0
1349,4,4,4,4,,1.0
1404,2,2,2,0,,1.0
1413,3,3,3,3,,1.0
1447,4,4,4,2,,1.0
1452,4,4,2,2,3,0.0
1469,3,3,3,3,,1.0
1494,4,4,4,4,,1.0
1552,2,2,2,2,,1.0
1569,5,5,5,5,,0.0
1571,3,3,3,3,,1.0
1577,3,3,1,1,2,0.0
1596,3,3,3,3,,1.0
1713,4,4,4,4,,1.0
1727,4,4,4,4,,1.0
1825,2,2,2,2,,1.0
56,6,6,6,6,,1.0
57,4,4,4,4,,1.0
82,2,2,0,0,1,0.0
96,4,4,3,3,4,0.0
99,1,1,0,0,1,0.0
247,3,3,3,0,,1.0
250,2,2,2,2,,1.0
262,5,5,5,5,,1.0
356,3,3,3,3,,1.0
361,4,4,4,0,,0.0
365,2,2,2,2,,0.0
411,2,2,0,0,1,0.0
493,3,3,1,1,2,0.0
501,1,1,0,0,1,0.0
512,4,4,1,1,2,0.0
610,2,2,0,0,1,0.0
634,4,4,4,0,,1.0
697,4,4,4,4,,1.0
759,3,3,2,1,3,0.0
773,1,1,1,1,,1.0
778,3,3,1,1,2,0.0
779,4,4,0,0,1,1.0
785,1,1,1,1,,1.0
903,2,2,2,2,,1.0
925,2,2,2,2,,0.0
936,3,3,3,3,,1.0
956,2,2,0,0,1,1.0
1017,4,4,4,4,,1.0
1052,2,2,0,0,1,0.0
1088,3,3,3,3,,1.0
1119,2,2,2,2,,1.0
1162,3,3,2,2,3,0.0
1190,4,4,1,1,2,0.0
1214,3,3,1,1,2,0.0
1274,1,1,1,0,,0.0
1283,4,4,4,4,,1.0
1329,2,2,0,0,1,0.0
1339,3,3,3,3,,0.0
1441,2,2,2,2,,1.0
1442,1,1,0,0,1,0.0
1462,2,2,0,0,1,0.0
1478,3,3,3,3,,1.0
1498,4,4,4,4,,1.0
1503,4,4,2,2,3,0.0
1582,4,4,1,1,2,0.0
1584,2,2,0,0,1,0.0
1585,3,3,3,3,,0.0
1682,3,3,3,3,,1.0
1775,4,4,4,4,,1.0
1830,5,5,5,1,,1.0
